1;Положение о системе управления охраной труда в организации.;Разрабатывается на основании ТК РФ N 197-ФЗ ст.217 Система управления охраной труда, Приказа Минтруда России от 29.10.2021 N 776н «Об утверждении Примерного положения о системе управления охраной труда» и Приказа Минтруда России от 31.01.2022 N 37 «Об утверждении Рекомендаций по структуре службы охраны труда в организации и по численности работников службы охраны труда».;да;да;да;да;да;да;да
2;Политика организации по охране труда;Разрабатывается на основании ТК РФ N 197-ФЗ ст.217 Система управления охраной труда, Приказа Минтруда России от 29.10.2021 N 776н «Об утверждении Примерного положения о системе управления охраной труда».;да;да;да;да;да;да;да
3;Перечень опасностей и мер по управлению ими в рамках СУОТ;Разрабатывается на основании ТК РФ N 197-ФЗ ст.217 Система управления охраной труда, Приказа Минтруда России от 29.10.2021 N 776н «Об утверждении Примерного положения о системе управления охраной труда».;нет;да;да;да;да;да;да
4;План мероприятий по управлению профессиональными рисками на рабочих местах;Разрабатывается на основании ТК РФ N 197-ФЗ ст.218 Профессиональные риски, Приказа Минтруда России от 29.10.2021 N 776н «Об утверждении Примерного положения о системе управления охраной труда».;нет;да;да;да;да;да;да
5;План мероприятий по улучшению условий и охраны труда;Разрабатывается на основании ТК РФ N 197-ФЗ ст.225 «Финансирование мероприятий по улучшению условий и охраны труда», Приказа Минтруда России от 29.10.2021 N 771н «Об утверждении Примерного перечня ежегодно реализуемых работодателем мероприятий по улучшению условий и охраны труда, ликвидации или снижению уровней профессиональных рисков либо недопущению повышения их уровней», Приказа Минтруда России от 29.10.2021 N 776н «Об утверждении Примерного положения о системе управления охраной труда»;да;да;да;да;да;да;да
6;Должностная инструкция инженера по охране труда.;Разрабатывается на основании Приказа Минтруда России от 31.01.2022 N 37 «Об утверждении Рекомендаций по структуре службы охраны труда в организации и по численности работников службы охраны труда» и в соответствии с Приказом Минтруда России от 22.04.2021 N 274н «Об утверждении профессионального стандарта «Специалист в области охраны труда».;да;да;да;да;да;да;да
7;Приказ о возложении обязанностей инженера по охране труда на одного из специалистов организации или договор о привлечении специалистов (организации), оказывающих услуги в области охраны труда.;ТК РФ N 197-ФЗ ст.217 Система управления охраной труда.;да;да;да;да;да;да;да
8;Программа проведения вводного инструктажа по охране труда.;Постановление Минтруда России, Минобразования России от 13.01.2003 N 1/29 (ред. от 30.11.2016) «Об утверждении Порядка обучения по охране труда и проверки знаний требований охраны труда работников организаций» (с 01.09.2022 - Постановление Правительства РФ от 24.12.2021 N 2464 «О порядке обучения по охране труда и проверки знания требований охраны труда») и «ГОСТ 12.0.004-2015. Межгосударственный стандарт. Система стандартов безопасности труда. Организация обучения безопасности труда. Общие положения».;да;да;да;да;да;да;да
9;Инструкция проведения вводного инструктажа по охране труда.;Разрабатывается на основании утвержденной Программы проведения вводного инструктажа по охране труда и Постановление Минтруда России, Минобразования России от 13.01.2003 N 1/29 (ред. от 30.11.2016) «Об утверждении Порядка обучения по охране труда и проверки знаний требований охраны труда работников организаций» (с 01.09.2022 - Постановление Правительства РФ от 24.12.2021 N 2464 «О порядке обучения по охране труда и проверки знания требований охраны труда»).;да;да;да;да;да;да;да
10;Журнал регистрации вводного инструктажа по охране труда.;Постановление Минтруда России, Минобразования России от 13.01.2003 N 1/29 (ред. от 30.11.2016) «Об утверждении Порядка обучения по охране труда и проверки знаний требований охраны труда работников организаций» (с 01.09.2022 - Постановление Правительства РФ от 24.12.2021 N 2464 «О порядке обучения по охране труда и проверки знания требований охраны труда») и «ГОСТ 12.0.004-2015. Межгосударственный стандарт. Система стандартов безопасности труда. Организация обучения безопасности труда. Общие положения».;да;да;да;да;да;да;да
11;Личная карточка прохождения обучения.;«ГОСТ 12.0.004-2015. Межгосударственный стандарт. Система стандартов безопасности труда. Организация обучения безопасности труда. Общие положения».;не применимо;не применимо;не применимо;не применимо;не применимо;не применимо;не применимо
12;Перечень профессий и должностей работников, освобожденных от инструктажа на рабочем месте.;Постановление Минтруда России, Минобразования России от 13.01.2003 N 1/29 (ред. от 30.11.2016) «Об утверждении Порядка обучения по охране труда и проверки знаний требований охраны труда работников организаций» (с 01.09.2022 - Постановление Правительства РФ от 24.12.2021 N 2464 «О порядке обучения по охране труда и проверки знания требований охраны труда»).;да;да;да;да;да;да;да
13;Перечень профессий и работ, при поступлении на которые работник должен пройти предварительный медицинский осмотр.;Приказ Минздрава России от 28.01.2021 N 29н (ред. от 01.02.2022) «Об утверждении Порядка проведения обязательных предварительных и периодических медицинских осмотров работников, предусмотренных частью четвертой статьи 213 Трудового кодекса Российской Федерации...» и Приказ Минтруда России N 988н, Минздрава России N 1420н от 31.12.2020 «Об утверждении перечня вредных и (или) опасных производственных факторов и работ, при выполнении которых проводятся обязательные предварительные медицинские осмотры при поступлении на работу и периодические медицинские осмотры».;да;да;да;да;да;да;да
14;Список контингентов, подлежащих периодическим медицинским осмотрам.;Приказ Минздрава России от 28.01.2021 N 29н (ред. от 01.02.2022) «Об утверждении Порядка проведения обязательных предварительных и периодических медицинских осмотров работников, предусмотренных частью четвертой статьи 213 Трудового кодекса Российской Федерации...» и Приказ Минтруда России N 988н, Минздрава России N 1420н от 31.12.2020 «Об утверждении перечня вредных и (или) опасных производственных факторов и работ, при выполнении которых проводятся обязательные предварительные медицинские осмотры при поступлении на работу и периодические медицинские осмотры».;да;да;да;да;да;да;да
15;Поименный список лиц, подлежащих периодическому медицинскому осмотру.;Приказ Минздрава России от 28.01.2021 N 29н (ред. от 01.02.2022) «Об утверждении Порядка проведения обязательных предварительных и периодических медицинских осмотров работников, предусмотренных частью четвертой статьи 213 Трудового кодекса Российской Федерации...» и Приказ Минтруда России N 988н, Минздрава России N 1420н от 31.12.2020 «Об утверждении перечня вредных и (или) опасных производственных факторов и работ, при выполнении которых проводятся обязательные предварительные медицинские осмотры при поступлении на работу и периодические медицинские осмотры».;да;да;да;да;да;да;да
16;Программа проведения первичного инструктажа по охране труда на рабочем месте.;Постановление Минтруда России, Минобразования России от 13.01.2003 N 1/29 (ред. от 30.11.2016) «Об утверждении Порядка обучения по охране труда и проверки знаний требований охраны труда работников организаций» (с 01.09.2022 - Постановление Правительства РФ от 24.12.2021 N 2464 «О порядке обучения по охране труда и проверки знания требований охраны труда») и «ГОСТ 12.0.004-2015. Межгосударственный стандарт. Система стандартов безопасности труда. Организация обучения безопасности труда. Общие положения».;да;да;да;да;да;да;да
17;Перечень инструкций по охране труда для работников, действующих в организации;Разрабатывается в соответствии со штатным расписанием на основании Постановления Правительства РФ от 27.12.2010 N 1160 (ред. от 30.07.2014) «Об утверждении Положения о разработке, утверждении и изменении нормативных правовых актов, содержащих государственные нормативные требования охраны труда».;да;да;да;да;да;да;да
18;Инструкции по охране труда для работников;Разрабатывается в соответствии с Перечнем инструкций по охране труда на основании Постановления Правительства РФ от 27.12.2010 N 1160 (ред. от 30.07.2014) «Об утверждении Положения о разработке, утверждении и изменении нормативных правовых актов, содержащих государственные нормативные требования охраны труда». С 1 сентября 2023 года: Постановление Правительства РФ от 26.02.2022 N 255 «О разработке, утверждении и изменении нормативных правовых актов федеральных органов исполнительной власти, содержащих государственные нормативные требования охраны труда».;да;да;да;да;да;да;да
19;Журнал учета инструкций по охране труда для работников.;В соответствии с Перечнем инструкций по охране труда на основании Постановления Правительства РФ от 27.12.2010 N 1160. НЕОБЯЗАТЕЛЬНО;не применимо;не применимо;не применимо;не применимо;не применимо;не применимо;не применимо
20;Журнал учета выдачи инструкций по охране труда для работников.;В соответствии с Перечнем инструкций по охране труда на основании Постановления Правительства РФ от 27.12.2010 N 1160. НЕОБЯЗАТЕЛЬНО;не применимо;не применимо;не применимо;не применимо;не применимо;не применимо;не применимо
21;Приказ о продлении срока действия инструкций по охране труда.;Проверка и пересмотр инструкций по охране труда для работников производится не реже одного раза в 5 лет. Если в течение срока действия инструкции по охране труда для работника условия его труда не изменились, то ее действие продлевается на следующий срок. Приказ доводится до сведения всех руководителей подразделений, а на инструкции ставится штамп о сроке ее продления.;не применимо;не применимо;не применимо;не применимо;не применимо;не применимо;не применимо
22;Журналы регистрации инструктажей по охране труда на рабочем месте.;ГОСТ 12.0.004-2015;да;да;да;да;да;да;да
23;Приказы (распоряжения) по подразделениям о назначении лиц, под руководством которых проходят стажировку вновь принятые работники.;Постановление Минтруда России, Минобразования России от 13.01.2003 N 1/29 (ред. от 30.11.2016) «Об утверждении Порядка обучения по охране труда и проверки знаний требований охраны труда работников организаций» (с 01.09.2022 - Постановление Правительства РФ от 24.12.2021 N 2464 «О порядке обучения по охране труда и проверки знания требований охраны труда») и «ГОСТ 12.0.004-2015. Межгосударственный стандарт. Система стандартов безопасности труда. Организация обучения безопасности труда. Общие положения».;да;да;да;да;да;да;да
24;Приказ (распоряжение) руководителя организации о создании постоянно действующей комиссии по проверке знаний требований охраны труда руководителей, специалистов и ИТР организации.;Постановление Минтруда России, Минобразования России от 13.01.2003 N 1/29 (ред. от 30.11.2016) «Об утверждении Порядка обучения по охране труда и проверки знаний требований охраны труда работников организаций» (с 01.09.2022 - Постановление Правительства РФ от 24.12.2021 N 2464 «О порядке обучения по охране труда и проверки знания требований охраны труда») и «ГОСТ 12.0.004-2015. Межгосударственный стандарт. Система стандартов безопасности труда. Организация обучения безопасности труда. Общие положения».;да;да;да;да;да;да;да
25;Приказ (распоряжение) руководителя организации о создании постоянно действующих комиссий по проверке знаний требований охраны труда рабочего персонала в подразделениях.;Постановление Минтруда России, Минобразования России от 13.01.2003 N 1/29 (ред. от 30.11.2016) «Об утверждении Порядка обучения по охране труда и проверки знаний требований охраны труда работников организаций» (с 01.09.2022 - Постановление Правительства РФ от 24.12.2021 N 2464 «О порядке обучения по охране труда и проверки знания требований охраны труда») и «ГОСТ 12.0.004-2015. Межгосударственный стандарт. Система стандартов безопасности труда. Организация обучения безопасности труда. Общие положения».;да;да;да;да;да;да;да
26;Приказы руководителя организации о проведении обучения по охране труда руководителей, специалистов и ИТР.;Постановление Минтруда России, Минобразования России от 13.01.2003 N 1/29 (ред. от 30.11.2016) «Об утверждении Порядка обучения по охране труда и проверки знаний требований охраны труда работников организаций» (с 01.09.2022 - Постановление Правительства РФ от 24.12.2021 N 2464 «О порядке обучения по охране труда и проверки знания требований охраны труда») и «ГОСТ 12.0.004-2015. Межгосударственный стандарт. Система стандартов безопасности труда. Организация обучения безопасности труда. Общие положения».;да;да;да;да;да;да;да
27;Приказы руководителя организации о проведении обучения по охране труда рабочего персонала;Постановление Минтруда России, Минобразования России от 13.01.2003 N 1/29 (ред. от 30.11.2016) «Об утверждении Порядка обучения по охране труда и проверки знаний требований охраны труда работников организаций» (с 01.09.2022 - Постановление Правительства РФ от 24.12.2021 N 2464 «О порядке обучения по охране труда и проверки знания требований охраны труда») и «ГОСТ 12.0.004-2015. Межгосударственный стандарт. Система стандартов безопасности труда. Организация обучения безопасности труда. Общие положения».;да;да;да;да;да;да;да
28;Протоколы проверки знаний требований охраны труда руководителей, специалистов и ИТР.;Постановление Минтруда России, Минобразования России от 13.01.2003 N 1/29 (ред. от 30.11.2016) «Об утверждении Порядка обучения по охране труда и проверки знаний требований охраны труда работников организаций» (с 01.09.2022 - Постановление Правительства РФ от 24.12.2021 N 2464 «О порядке обучения по охране труда и проверки знания требований охраны труда») и «ГОСТ 12.0.004-2015. Межгосударственный стандарт. Система стандартов безопасности труда. Организация обучения безопасности труда. Общие положения».;да;да;да;да;да;да;да
29;Протоколы проверки знаний требований охраны труда рабочего персонала.;Постановление Минтруда России, Минобразования России от 13.01.2003 N 1/29 (ред. от 30.11.2016) «Об утверждении Порядка обучения по охране труда и проверки знаний требований охраны труда работников организаций» (с 01.09.2022 - Постановление Правительства РФ от 24.12.2021 N 2464 «О порядке обучения по охране труда и проверки знания требований охраны труда») и «ГОСТ 12.0.004-2015. Межгосударственный стандарт. Система стандартов безопасности труда. Организация обучения безопасности труда. Общие положения».;да;да;да;да;да;да;да
30;Удостоверения о проверке знаний требований охраны труда.;Постановление Минтруда России, Минобразования России от 13.01.2003 N 1/29 (ред. от 30.11.2016) «Об утверждении Порядка обучения по охране труда и проверки знаний требований охраны труда работников организаций» (с 01.09.2022 - Постановление Правительства РФ от 24.12.2021 N 2464 «О порядке обучения по охране труда и проверки знания требований охраны труда») и «ГОСТ 12.0.004-2015. Межгосударственный стандарт. Система стандартов безопасности труда. Организация обучения безопасности труда. Общие положения».;да;да;да;да;да;да;да
31;Программа обучения руководителей, специалистов и ИТР по охране труда.;Постановление Минтруда России, Минобразования России от 13.01.2003 N 1/29 (ред. от 30.11.2016) «Об утверждении Порядка обучения по охране труда и проверки знаний требований охраны труда работников организаций» (с 01.09.2022 - Постановление Правительства РФ от 24.12.2021 N 2464 «О порядке обучения по охране труда и проверки знания требований охраны труда») и «ГОСТ 12.0.004-2015. Межгосударственный стандарт. Система стандартов безопасности труда. Организация обучения безопасности труда. Общие положения».;да;да;да;да;да;да;да
32;Программа обучения рабочего персонала по охране труда.;Постановление Минтруда России, Минобразования России от 13.01.2003 N 1/29 (ред. от 30.11.2016) «Об утверждении Порядка обучения по охране труда и проверки знаний требований охраны труда работников организаций» (с 01.09.2022 - Постановление Правительства РФ от 24.12.2021 N 2464 «О порядке обучения по охране труда и проверки знания требований охраны труда») и «ГОСТ 12.0.004-2015. Межгосударственный стандарт. Система стандартов безопасности труда. Организация обучения безопасности труда. Общие положения».;да;да;да;да;да;да;да
33;Правила внутреннего трудового распорядка.;Разрабатываются на основании типовых правил, утверждаются руководителем организации. Основание — глава 29 (статья 189) ТК РФ.;да;да;да;да;да;да;да
34;Перечень должностей и профессий работников, которым по условиям труда выдается бесплатное профилактическое питание (молоко, соки и т.д.).;Приказ Минздравсоцразвития России от 16.02.2009 N 45н (ред. от 20.02.2014) «Об утверждении норм и условий бесплатной выдачи работникам, занятым на работах с вредными условиями труда, молока или других равноценных пищевых продуктов, Порядка осуществления компенсационной выплаты в размере, эквивалентном стоимости молока или других равноценных пищевых продуктов, и Перечня вредных производственных факторов, при воздействии которых в профилактических целях рекомендуется употребление молока или других равноценных пищевых продуктов». Статья 222 ТК РФ.;да;да;да;да;да;да;да
35;Перечень профессий и должностей, получающих хозяйственное мыло на производственные нужды.;Приказ Минздравсоцразвития России от 17.12.2010 N 1122н (ред. от 23.11.2017) «Об утверждении типовых норм бесплатной выдачи работникам смывающих и (или) обезвреживающих средств и стандарта безопасности труда «Обеспечение работников смывающими и (или) обезвреживающими средствами».;да;да;да;да;да;да;да
36;Перечень профессий и должностей, которым выдаются бесплатная спецодежда, спецобувь и другие средства индивидуальной защиты.;Приказ Минздравсоцразвития России от 01.06.2009 N 290н (ред. от 12.01.2015) «Об утверждении Межотраслевых правил обеспечения работников специальной одеждой, специальной обувью и другими средствами индивидуальной защиты». Статья 221 ТК РФ.;да;да;да;да;да;да;да
37;Личные карточки учета выдачи средств индивидуальной защиты.;Приказ Минздравсоцразвития России от 01.06.2009 N 290н (ред. от 12.01.2015) «Об утверждении Межотраслевых правил обеспечения работников специальной одеждой, специальной обувью и другими средствами индивидуальной защиты». Статья 221 ТК РФ.;да;да;да;да;да;да;да
38;запрос в лечебное учреждение о тяжести травмы.;* * *;да;да;да;да;да;да;да
39;сообщение о происшедшем несчастном случае в ФСС по месту организации.;* * *;да;да;да;да;да;да;да
40;при тяжелом несчастном случае, групповом несчастном случае, несчастном случае со смертельном исходом извещение: в государственную инспекцию труда, в прокуратуру по месту происшествия несчастного случая, в территориальное объединение организации профсоюзов, в федеральный орган исполнительной власти по ведомственной принадлежности, ФСС и т.д.;Постановление Минтруда России от 24.10.2002 N 73 (ред. от 14.11.2016) «Об утверждении форм документов, необходимых для расследования и учета несчастных случаев на производстве, и положения об особенностях расследования несчастных случаев на производстве в отдельных отраслях и организациях». Документы хранятся в службе охраны труда 45 лет. Основание - ст. 227-231 ТК РФ.;да;да;да;да;да;да;да
41;заключение о тяжести производственной травмы.;* * *;да;да;да;да;да;да;да
42;приказ о создании комиссии по расследованию несчастного случая.;* * *;да;да;да;да;да;да;да
43;протокол осмотра места несчастного случая.;* * *;да;да;да;да;да;да;да
44;протокол опроса пострадавшего при несчастном случае.;* * *;да;да;да;да;да;да;да
45;протокол опроса очевидцев несчастного случая.;* * *;да;да;да;да;да;да;да
46;протокол опроса должностного лица.;* * *;да;да;да;да;да;да;да
47;копии инструкции по охране труда, должностной инструкции, в случае необходимости чертежи, фотографии и т.д;* * *;да;да;да;да;да;да;да
48;акт расследования несчастного случая по форме Н-1.;* * *;да;да;да;да;да;да;да
49;сообщение о последствиях производственной травмы в Фонд Социального Страхования и государственную инспекцию труда после того, как пострадавший принесет закрытый б/л.;* * *;да;да;да;да;да;да;да
50;Журнал регистрации несчастных случаев на производстве.;* * *;да;да;да;да;да;да;да
51;Должностные инструкции на руководителей, специалистов и ИТР организации.;«Квалификационный справочник должностей руководителей, специалистов и других служащих» (утв. Постановлением Минтруда России от 21.08.1998 N 37).;да;да;да;да;да;да;да
52;Программы профессиональной подготовки, переподготовки, повышении квалификации работников.;Постановление Минтруда РФ от 10.11.1992 N 31 (ред. от 24.11.2008) «Об утверждении тарифно-квалификационных характеристик по общеотраслевым профессиям рабочих». Статьи 196, 219 ТК РФ.;да;да;да;да;да;да;да
53;Протоколы присвоения разрядов рабочим.;Статьи 196, 219 ТК РФ.;не применимо;не применимо;не применимо;не применимо;не применимо;не применимо;не применимо
54;Договор на повышение квалификации работника.;Статьи 196, 219 ТК РФ.;не применимо;не применимо;не применимо;не применимо;не применимо;не применимо;не применимо
55;Коллективный договор и соглашение.;Глава 7 ТК РФ.;не применимо;не применимо;не применимо;не применимо;не применимо;не применимо;не применимо
56;Положение о совместном комитете (комиссии) по охране труда.;Приказ Минтруда России от 22.09.2021 N 650н «Об утверждении примерного положения о комитете (комиссии) по охране труда». Постановление Исполнительного комитета ФНПР от 18.10.2006 N 4-3 «О Типовом положении об уполномоченном (доверенном) лице по охране труда профессионального союза». Статья 224 ТК РФ.;не применимо;не применимо;не применимо;не применимо;не применимо;не применимо;не применимо
57;приказ о создании аттестационной комиссии.;* * *;да;да;да;да;да;да;да
58;перечень рабочих мест, подлежащих аттестации по условиям труда.;* * *;да;да;да;да;да;да;да
59;протоколы инструментальных замеров вредных производственных факторов на рабочих местах.;* * *;да;да;да;да;да;да;да
60;протоколы оценки напряженности и тяжести производственных процессов на рабочих местах.;* * *;да;да;да;да;да;да;да
61;протоколы оценки травмобезопасности рабочих мест.;* * *;да;да;да;да;да;да;да
62;протокол оценки обеспеченности работников средствами индивидуальной защиты.;* * *;да;да;да;да;да;да;да
63;карты аттестации рабочих мест по условиям труда;* * *;да;да;да;да;да;да;да
64;ведомости рабочих мест и результатов их аттестации по условиям труда в подразделениях.;* * *;да;да;да;да;да;да;да
65;сводная ведомость рабочих мест и результатов их аттестации по условиям труда в организации.;* * *;да;да;да;да;да;да;да
66;план мероприятий по улучшению и оздоровлению условий труда на рабочих местах;* * *;да;да;да;да;да;да;да
67;перечень профессий и работ, за выполнение которых предоставляются льготы и компенсации по условиям труда.;* * *;да;да;да;да;да;да;да
68;протокол аттестации рабочих мест в организации.;* * *;да;да;да;да;да;да;да
69;Смета расходов на мероприятия по улучшению условий и охраны труда.;Статья 225 ТК РФ.;да;да;да;да;да;да;да
70;Акты проверки состояния охраны труда.;Статья 214 ТК РФ.;не применимо;не применимо;не применимо;не применимо;не применимо;не применимо;не применимо
71;Предписания инженера службы охраны труда.;Статья 214 ТК РФ.;да;да;да;да;да;да;да
72;Журнал проверки охраны труда и техники безопасности.;Статья 214 ТК РФ.;не применимо;не применимо;не применимо;не применимо;не применимо;не применимо;не применимо
73;Графики планово-предупредительных ремонтов производственного оборудования.;;нет;не применимо;не применимо;не применимо;не применимо;не применимо;не применимо
74;Журналы технического состояния оборудования.;;нет;не применимо;не применимо;не применимо;не применимо;не применимо;не применимо
75;Приказ о назначении ответственных за организацию погрузочно-разгрузочных работ в организации.;Приказ Минтруда России от 28.10.2020 N 753н «Об утверждении Правил по охране труда при погрузочно-разгрузочных работах и размещении грузов»;нет;нет;нет;нет;нет;нет;нет
76;Приказ (распоряжение) по подразделению организации о назначение лица, ответственного за сохранность и исправность электроинструмента.;;да;да;да;да;да;да;да
77;Журнал учета, проверки и испытаний электроинструмента и вспомогательного оборудования к нему.;;да;да;да;да;да;да;да
78;Приказ (распоряжение) по подразделению о возложение обязанностей по проверке и браковке инструмента на инженерно-технического работника.;;да;да;да;да;да;да;да
79;Акты проверки и браковки инструмента.;;да;да;да;да;да;да;да
80;Приказ (распоряжение) по подразделению организации о назначение лица, ответственного за состояние и исправность лестниц и стремянок.;;да;да;да;да;да;да;да
81;Журнал учета и осмотра такелажных средств, механизмов и приспособлений.;;нет;нет;нет;нет;нет;нет;нет
82;Приказ о назначении комиссии по приемке лесов в эксплуатацию.;;нет;не применимо;не применимо;не применимо;не применимо;не применимо;не применимо
83;Акт приемки лесов в эксплуатацию.;;нет;не применимо;не применимо;не применимо;не применимо;не применимо;не применимо
84;Журнал приемки и осмотра лесов и подмостей.;;нет;не применимо;не применимо;не применимо;не применимо;не применимо;не применимо
85;Приказ (распоряжение) по подразделению организации о назначение лица, ответственного за испытание абразивного и эльборового инструмента.;;не применимо;не применимо;не применимо;не применимо;не применимо;не применимо;не применимо
86;Журнал испытания абразивного и эльборового инструмента.;;не применимо;не применимо;не применимо;не применимо;не применимо;не применимо;не применимо
87;Журнал технического осмотра испытательного стенда.;;не применимо;не применимо;не применимо;не применимо;не применимо;не применимо;не применимо
88;Приказ о назначении ответственных лиц за безопасную эксплуатацию транспортных средств.;;да;да;да;да;да;да;да
89;Приказ о назначении ответственных лиц за техническое состояние транспортных средств.;;да;да;да;да;да;да;да
90;Протоколы аттестации ответственных лиц за безопасную эксплуатацию и техническое состояние транспортных средств.;;да;да;да;да;да;да;да
91;Приказ о проведении обучения работников, осуществляющих эксплуатацию, техническое обслуживание и ремонт транспортных средств безопасным методам и приемам труда.;;да;да;да;да;да;да;да
92;Приказ о назначении комиссии по проверке знаний безопасных методов и приемов труда у работников, осуществляющих эксплуатацию, техническое обслуживание и ремонт транспортных средств.;;да;да;да;да;да;да;да
93;Протоколы проверки знаний безопасных методов и приемов труда работников, осуществляющих эксплуатацию, техническое обслуживание и ремонт транспортных средств.;;да;да;да;да;да;да;да
94;Удостоверения на право вождения транспортных средств.;;да;да;да;да;да;да;да
95;Графики профилактических осмотров и технического обслуживания транспортных средств.;;да;да;да;да;да;да;да
96;Путевой лист.;;да;да;да;да;да;да;да
97;Журнал учета выдачи путевых листов.;;да;да;да;да;да;да;да
98;Журнал технического состояния и выпуска на линию транспортных средств.;;да;да;да;да;да;да;да
99;Приказ о назначении ответственного лица за выпуск автомобиля на линию.;;да;да;да;да;да;да;да
100;Журнал предрейсового медицинского осмотра водителей.;;да;да;да;да;да;да;да
101;Положение об организации предрейсовых медицинских осмотров водителей автотранспортных средств.;;да;да;да;да;да;да;да
102;Наличие, исправное состояние и должная эксплуатация дополнительных технических средств контроля (видеорегистраторы).;;да;да;да;да;да;да;да
103;Приказ о назначении лиц, ответственных за электрохозяйство организации.;;нет;да;нет;нет;нет;нет;нет
104;Должностная инструкция ответственного за электрохозяйство.;;нет;да;нет;нет;нет;нет;нет
105;Перечень должностей и профессий электротехнического и электротехнологического персонала, которым необходимо иметь соответствующую группу по электробезопасности.;;нет;да;да;да;да;да;да
106;Перечень должностей и профессий, требующих присвоения персоналу I группы по электробезопасности.;;нет;да;да;да;да;да;да
107;Журнал учета присвоений группы I по электробезопасности неэлектротехническому персоналу.;;нет;да;нет;нет;нет;нет;нет
108;Приказ о создании комиссии для проверки знаний электротехнического и электротехнологического персонала организации.;;нет;да;нет;нет;нет;нет;нет
109;Журнал учета проверки знаний норм и правил работы в электроустановках.;;нет;да;нет;нет;нет;нет;нет
110;Приказ о назначении лиц, ответственных за учет, обеспечение, организацию своевременного осмотра, испытания и хранение средств индивидуальной защиты, используемых в электроустановках.;;не применимо;не применимо;не применимо;не применимо;не применимо;не применимо;не применимо
111;Журнал учета и содержания средств защиты.;;не применимо;не применимо;не применимо;не применимо;не применимо;не применимо;не применимо
112;Журнал испытаний средств защиты из диэлектрической резины (перчаток, бот, галош диэлектрических и изолирующих накладок).;;не применимо;не применимо;не применимо;не применимо;не применимо;не применимо;не применимо
113;Перечень работ выполняемых в порядке текущей эксплуатации.;;не применимо;не применимо;не применимо;не применимо;не применимо;не применимо;не применимо
114;Списки распределения инвентарных средств защиты между объектами, в соответствии с системой организации эксплуатации, местными условиями и нормами комплектования.;;не применимо;не применимо;не применимо;не применимо;не применимо;не применимо;не применимо
115;Паспорт трубопровода.;;не применимо;не применимо;не применимо;не применимо;не применимо;не применимо;не применимо
116;Акты приемки трубопроводов в эксплуатацию.;;не применимо;не применимо;не применимо;не применимо;не применимо;не применимо;не применимо
117;Сменный журнал.;;не применимо;не применимо;не применимо;не применимо;не применимо;не применимо;не применимо
118;Приказ о назначении работников и лиц, ответственных за исправное состояние и безопасную эксплуатацию трубопровода.;;не применимо;не применимо;не применимо;не применимо;не применимо;не применимо;не применимо
119;Протоколы и удостоверения аттестации работников, обслуживающих трубопроводы.;;не применимо;не применимо;не применимо;не применимо;не применимо;не применимо;не применимо
120;Журнал результатов проверки знаний обслуживающего трубопроводы персонала.;;не применимо;не применимо;не применимо;не применимо;не применимо;не применимо;не применимо
121;Инструкции по пуску, обслуживанию и ремонту трубопроводов.;;не применимо;не применимо;не применимо;не применимо;не применимо;не применимо;не применимо
122;Ремонтный журнал для записей всех ремонтов, не вызывающих необходимость внеочередного освидетельствования.;;не применимо;не применимо;не применимо;не применимо;не применимо;не применимо;не применимо
123;Свидетельство о регистрации трубопроводов пара и горячей воды в органах Госгортехнадзора и разрешение на их эксплуатацию.;;не применимо;не применимо;не применимо;не применимо;не применимо;не применимо;не применимо
124;Журнал контрольных проверок манометров.;;не применимо;не применимо;не применимо;не применимо;не применимо;не применимо;не применимо
125;Графики планово-предупредительных ремонтов трубопроводов.;;не применимо;не применимо;не применимо;не применимо;не применимо;не применимо;не применимо
126;Инструкция для ответственного за исправное состояние и безопасную эксплуатацию трубопроводов пара и горячей воды.;;не применимо;не применимо;не применимо;не применимо;не применимо;не применимо;не применимо
127;Паспорт на компрессорную установку.;;нет;нет;нет;нет;нет;нет;нет
128;Приказ о назначении лиц, ответственных за безопасную эксплуатацию компрессорной установки.;;нет;нет;нет;нет;нет;нет;нет
129;Инструкции по безопасному обслуживанию компрессорных установок.;;да;да;да;да;да;да;да
130;Журнал учета работы компрессорной установки.;;нет;нет;нет;нет;нет;нет;нет
131;Паспорта всех сосудов, работающих под давлением.;;нет;нет;нет;нет;нет;нет;нет
132;График планово-предупредительного ремонта компрессорной установки.;;нет;нет;нет;нет;нет;нет;нет
133;Журнал проверки знаний обслуживающего персонала правил и инструкций.;;нет;нет;нет;нет;нет;нет;нет
134;Журнал (формуляр) учета ремонтов компрессорной установки.;;нет;нет;нет;нет;нет;нет;нет
135;Паспорта заводов-изготовителей на котлы, пароперегреватели, экономайзеры с копиями сертификатов.;;не применимо;не применимо;не применимо;не применимо;не применимо;не применимо;не применимо
136;Инструкции заводов-изготовителей по монтажу и эксплуатации котлов и их основных агрегатов.;;не применимо;не применимо;не применимо;не применимо;не применимо;не применимо;не применимо
137;Удостоверения о качестве монтажа котла и его основных агрегатов.;;не применимо;не применимо;не применимо;не применимо;не применимо;не применимо;не применимо
138;Свидетельства о регистрации котельных установок в органах Госгортехнадзора и разрешения на их эксплуатацию.;;не применимо;не применимо;не применимо;не применимо;не применимо;не применимо;не применимо
139;Акты технических освидетельствований котла.;;не применимо;не применимо;не применимо;не применимо;не применимо;не применимо;не применимо
140;Журналы по водоподготовке (водно-химическому режиму).;;не применимо;не применимо;не применимо;не применимо;не применимо;не применимо;не применимо
141;Инструкция по ведению водно-химического режима.;;не применимо;не применимо;не применимо;не применимо;не применимо;не применимо;не применимо
142;Инструкция по докотловой подготовки воды с режимными картами.;;не применимо;не применимо;не применимо;не применимо;не применимо;не применимо;не применимо
143;Приказ о назначении лиц, ответственных за исправное состояние и безопасную эксплуатацию котлов.;;не применимо;не применимо;не применимо;не применимо;не применимо;не применимо;не применимо
144;Производственные инструкции для персонала, обслуживающего котлы.;;не применимо;не применимо;не применимо;не применимо;не применимо;не применимо;не применимо
145;Должностная инструкция ответственного за исправное состояние и безопасную эксплуатацию котлов.;;не применимо;не применимо;не применимо;не применимо;не применимо;не применимо;не применимо
146;Приказ о создании комиссии по проверке знаний персонала, обслуживающего котлы.;;не применимо;не применимо;не применимо;не применимо;не применимо;не применимо;не применимо
147;Протоколы и удостоверения аттестации работников, обслуживающих котлы.;;не применимо;не применимо;не применимо;не применимо;не применимо;не применимо;не применимо
148;Приказ о допуске к работе персонала по обслуживанию котлов.;;не применимо;не применимо;не применимо;не применимо;не применимо;не применимо;не применимо
149;Сменный журнал для записей результатов проверки котлов и котельного оборудования, водоуказательных приборов, сигнализаторов уровня воды, манометров, предохранительных клапанов, питательных приборов, средств автоматики, времени и продолжительности продувки котлов и т.д.;;не применимо;не применимо;не применимо;не применимо;не применимо;не применимо;не применимо
150;Ремонтный журнал с данными о выполненных ремонтах, не вызывающие необходимости досрочного освидетельствования, и об остановках котлов на очистку, промывку и т.д.;;не применимо;не применимо;не применимо;не применимо;не применимо;не применимо;не применимо
151;График планово-предупредительных ремонтов котлов.;;не применимо;не применимо;не применимо;не применимо;не применимо;не применимо;не применимо
152;Положение о производственном контроле.;;не применимо;не применимо;не применимо;не применимо;не применимо;не применимо;не применимо
153;Приказ о назначении лиц, ответственных за организацию и осуществление производственного контроля.;;не применимо;не применимо;не применимо;не применимо;не применимо;не применимо;не применимо
154;Положение о газовой службе организации, определяющее организацию работ по безопасной эксплуатации газового хозяйства.;;не применимо;не применимо;не применимо;не применимо;не применимо;не применимо;не применимо
155;Приказ о назначении лиц, ответственных за безопасную эксплуатацию газового хозяйства.;;не применимо;не применимо;не применимо;не применимо;не применимо;не применимо;не применимо
156;Приказы о назначении лиц, ответственных за безопасную эксплуатацию опасных производственных объектов систем газопотребления в целом по организации и по отдельным подразделениям.;;не применимо;не применимо;не применимо;не применимо;не применимо;не применимо;не применимо
157;Приказ о назначении комиссии по проверке знаний персонала, обслуживающего объекты системы газопотребления.;;не применимо;не применимо;не применимо;не применимо;не применимо;не применимо;не применимо
158;Протоколы и удостоверения аттестации персонала, связанного с обслуживанием и ремонтом объектов газового хозяйства и выполнением газоопасных работ.;;не применимо;не применимо;не применимо;не применимо;не применимо;не применимо;не применимо
159;Должностные инструкции для руководителей и специалистов, производственные инструкции для работников, производящих обслуживание и ремонт газового оборудования.;;не применимо;не применимо;не применимо;не применимо;не применимо;не применимо;не применимо
160;Планы и графики проведения технического обслуживания и ремонта газопроводов и газового оборудования с указанием сроков выполнения работ.;;не применимо;не применимо;не применимо;не применимо;не применимо;не применимо;не применимо
161;План локализации и ликвидации возможных аварий при эксплуатации газового хозяйства.;;не применимо;не применимо;не применимо;не применимо;не применимо;не применимо;не применимо
162;Перечень газоопасных работ.;;не применимо;не применимо;не применимо;не применимо;не применимо;не применимо;не применимо
163;Приказы по определению круга руководителей и специалистов, имеющих право выдачи нарядов-допусков на проведение газоопасных работ, а также лиц, допущенных к руководству и выполнению этих работ.;;не применимо;не применимо;не применимо;не применимо;не применимо;не применимо;не применимо
164;Журнал выдачи нарядов-допусков на газоопасные работы, а также сами наряды-допуски, возвращенные после выполнения работ.;;не применимо;не применимо;не применимо;не применимо;не применимо;не применимо;не применимо
165;Журнал учета проводимого технического обслуживания и плановых осмотров, ревизий и ремонтов газопроводов, сооружений на них и газового оборудования.;;не применимо;не применимо;не применимо;не применимо;не применимо;не применимо;не применимо
166;Журнал учета проверки средств сигнализации и зашиты.;;не применимо;не применимо;не применимо;не применимо;не применимо;не применимо;не применимо
167;Журнал учета проверки контрольно-измерительных приборов.;;не применимо;не применимо;не применимо;не применимо;не применимо;не применимо;не применимо
168;Журнал учета проведения учебно-тренировочных занятий по инструкциям и планам ликвидации возможных аварий при эксплуатации газового хозяйства.;;не применимо;не применимо;не применимо;не применимо;не применимо;не применимо;не применимо
169;Паспорт установленной формы с протоколами и актами испытаний, осмотров и ремонтов на теплоиспользующие установки.;;не применимо;не применимо;не применимо;не применимо;не применимо;не применимо;не применимо
170;Приказ о назначении лиц, ответственных за исправное состояние и безопасную эксплуатацию тепловых энергоустановок.;;не применимо;не применимо;не применимо;не применимо;не применимо;не применимо;не применимо
171;Приказы о назначении лиц, ответственных за исправное состояние и безопасную эксплуатацию тепловых энергоустановок в подразделениях.;;не применимо;не применимо;не применимо;не применимо;не применимо;не применимо;не применимо
172;Должностные и производственные инструкции для работников, обслуживающих тепловые энергоустановки.;;не применимо;не применимо;не применимо;не применимо;не применимо;не применимо;не применимо
173;Приказ о назначении постоянно действующей комиссии для проведения проверки знаний персонала, обслуживающего тепловые энергоустановки.;;не применимо;не применимо;не применимо;не применимо;не применимо;не применимо;не применимо
174;Графики проверки знаний персонала, обслуживающего тепловые энергоустановки.;;не применимо;не применимо;не применимо;не применимо;не применимо;не применимо;не применимо
175;Журнал проверки знаний персонала, обслуживающего тепловые энергоустановки.;;не применимо;не применимо;не применимо;не применимо;не применимо;не применимо;не применимо
176;Удостоверения проверки знаний.;;не применимо;не применимо;не применимо;не применимо;не применимо;не применимо;не применимо
177;Приказ о допуске персонала к обслуживанию тепловых энергоустановок.;;не применимо;не применимо;не применимо;не применимо;не применимо;не применимо;не применимо
178;Графики планово-предупредительных ремонтов тепловых энергоустановок.;;не применимо;не применимо;не применимо;не применимо;не применимо;не применимо;не применимо
179;Оперативный журнал.;;не применимо;не применимо;не применимо;не применимо;не применимо;не применимо;не применимо
180;Журнал учета состояния контрольно-измерительных приборов и автоматики.;;не применимо;не применимо;не применимо;не применимо;не применимо;не применимо;не применимо
181;Журнал учета проведения противоаварийных и противопожарных тренировок.;;не применимо;не применимо;не применимо;не применимо;не применимо;не применимо;не применимо
182;Журнал дефектов и неполадок с оборудованием.;;не применимо;не применимо;не применимо;не применимо;не применимо;не применимо;не применимо
